{
    "name":"CubeGeometry.3",
    "faces":[43,0,1,2,3,0,0,1,2,3,0,0,0,0,43,4,7,6,5,1,4,5,6,7,1,1,1,1,43,0,4,5,1,2,0,8,9,10,2,2,2,2,43,1,5,6,2,3,0,11,9,10,3,3,3,3,43,2,6,7,3,2,12,13,14,15,4,4,4,4,43,4,0,3,7,4,16,1,17,10,5,5,5,5],
    "uvs":[[0,0,0,-1,-1,-1,-1,0,0,1,-1,1,-1,0,-0,-0,-0,1,-1,1,-1,0,-0,1,0,0,0,1,1,1,1,0,0,0,-1,-1]],
    "vertices":[-0.363369,-1.53445,0.748254,1.25252,-1.15029,-0.392678,1.36254,0.933551,0.550038,-0.253356,0.549387,1.69097,-1.5339,-0.586752,-0.590455,0.081996,-0.202589,-1.73139,0.192008,1.88125,-0.78867,-1.25252,1.14954,0.392678],
    "normals":[0.593898,0.720783,0.357431,-0.642297,-0.655938,-0.396485,-0.139636,-0.487896,0.861661,0.804699,-0.555709,-0.208917,0.043609,0.478801,-0.87684,-0.810499,0.552206,0.195346],
    "metadata":{
        "type":"Geometry",
        "faces":6,
        "version":3,
        "normals":6,
        "uvs":1,
        "materials":5,
        "generator":"io_three",
        "vertices":8
    },
    "materials":[{
        "DbgColor":60928,
        "depthWrite":true,
        "transparent":false,
        "DbgName":"Material.003",
        "colorEmissive":[0,0,0],
        "colorSpecular":[0.5,0.5,0.5],
        "visible":true,
        "colorDiffuse":[0.64,0.036458,0.065688],
        "DbgIndex":2,
        "opacity":1,
        "shading":"phong",
        "wireframe":false,
        "specularCoef":50,
        "depthTest":true,
        "blending":"NormalBlending"
    },{
        "DbgColor":15658496,
        "depthWrite":true,
        "transparent":false,
        "DbgName":"Material.005",
        "colorEmissive":[0,0,0],
        "colorSpecular":[0.5,0.5,0.5],
        "visible":true,
        "colorDiffuse":[0,0.001692,0.64],
        "DbgIndex":4,
        "opacity":1,
        "shading":"phong",
        "wireframe":false,
        "specularCoef":50,
        "depthTest":true,
        "blending":"NormalBlending"
    },{
        "DbgColor":15658734,
        "depthWrite":true,
        "transparent":false,
        "DbgName":"Material.001",
        "colorEmissive":[0,0,0],
        "colorSpecular":[0.359462,0.445003,0.349287],
        "visible":true,
        "colorDiffuse":[0.8,0.614605,0.012253],
        "DbgIndex":0,
        "opacity":1,
        "shading":"phong",
        "wireframe":false,
        "specularCoef":50,
        "depthTest":true,
        "blending":"NormalBlending"
    },{
        "DbgColor":238,
        "depthWrite":true,
        "transparent":false,
        "DbgName":"Material.004",
        "colorEmissive":[0,0,0],
        "colorSpecular":[0.5,0.5,0.5],
        "visible":true,
        "colorDiffuse":[0.002684,0.64,0.046421],
        "DbgIndex":3,
        "opacity":1,
        "shading":"phong",
        "wireframe":false,
        "specularCoef":50,
        "depthTest":true,
        "blending":"NormalBlending"
    },{
        "DbgColor":61166,
        "depthWrite":true,
        "transparent":false,
        "DbgName":"Material.006",
        "colorEmissive":[0,0,0],
        "colorSpecular":[0.5,0.5,0.5],
        "visible":true,
        "colorDiffuse":[0.64,0.125551,0],
        "DbgIndex":5,
        "opacity":1,
        "shading":"phong",
        "wireframe":false,
        "specularCoef":50,
        "depthTest":true,
        "blending":"NormalBlending"
    }]
}